time_zone,begin,end,pathId,title
2016-04-08 11:28:14.000000,"1460114897392.000000000000000","1460115363097.000000000000000","1",path1
2016-04-11 10:06:44.000000,"1460369206116.000000000000000","1460369819105.000000000000000","2",path2
2016-04-11 10:41:57.000000,"1460371319334.000000000000000","1460371750911.000000000000000","3",path3
2016-04-12 10:48:30.000000,"1460458111289.000000000000000","1460458413741.000000000000000","4",path4
2016-04-12 11:07:58.000000,"1460459281686.000000000000000","1460459652705.000000000000000","5",path5
2016-04-13 10:06:48.000000,"1460542008626.000000000000000","1460543277605.000000000000000","6",path6
2016-04-13 10:28:37.000000,"1460543317586.000000000000000","1460544500612.000000000000000","7",path7
2016-04-13 12:36:46.000000,"1460551007027.000000000000000","1460551702247.000000000000000","8",path8
2016-04-13 13:06:55.000000,"1460552816185.000000000000000","1460553467977.000000000000000","9",path9
2016-04-14 10:35:28.000000,"1460630135298.000000000000000","1460630641171.000000000000000","10",path10
2016-04-14 10:57:19.000000,"1460631439688.000000000000000","1460631902591.000000000000000","11",path11
2016-04-14 12:15:35.000000,"1460636136305.000000000000000","1460636236672.000000000000000","12",path12
2016-04-14 12:18:20.000000,"1460636300709.000000000000000","1460636429687.000000000000000","13",path13
2016-04-20 08:36:23.000000,"1461141386602.000000000000000","1461142232736.000000000000000","14",path14
2016-04-21 16:10:45.000000,"1461255046069.000000000000000","1461255114048.000000000000000","15",path15
2016-05-26 17:12:58.000000,"1464282778585.000000000000000","1464283084593.000000000000000","16",path16
2016-05-27 06:12:53.000000,"1464329574223.000000000000000","1464330078089.000000000000000","17",path17
2016-06-23 08:30:40.000000,"1466670641212.000000000000000","1466670673412.000000000000000","18",path18
2016-06-23 08:31:20.000000,"1466670681415.000000000000000","1466670913418.000000000000000","19",path19
2016-06-23 08:35:24.000000,"1466670925446.000000000000000","1466670942428.000000000000000","20",path20
2016-06-23 08:35:51.000000,"1466670952427.000000000000000","1466670964450.000000000000000","21",path21
2016-06-23 08:36:25.000000,"1466670986438.000000000000000","1466670995439.000000000000000","22",path22
2016-06-23 08:36:53.000000,"1466671014401.000000000000000","1466671037418.000000000000000","23",path23
2016-06-23 09:42:39.000000,"1466674960913.000000000000000","1466674962915.000000000000000","24",path24
2016-06-23 10:31:59.000000,"1466677937948.000000000000000","1466677948913.000000000000000","25",path25
2016-06-23 10:32:35.000000,"1466677960925.000000000000000","1466677966913.000000000000000","26",path26
2016-06-23 16:09:03.000000,"1466698144534.000000000000000","1466698146531.000000000000000","27",path27
2016-06-23 16:09:15.000000,"1466698156525.000000000000000","1466698158528.000000000000000","28",path28
2016-06-23 16:09:26.000000,"1466698167530.000000000000000","1466698178529.000000000000000","29",path29
2016-06-23 16:09:48.000000,"1466698189525.000000000000000","1466698191529.000000000000000","30",path30
2016-07-05 16:48:37.000000,"1467737318126.000000000000000","1467737641059.000000000000000","31",path31
2016-07-07 10:08:50.000000,"1467886131075.000000000000000","1467886658266.000000000000000","32",path32
2016-07-07 10:41:36.000000,"1467888097220.000000000000000","1467892530199.000000000000000","33",path33
2016-07-08 13:46:39.000000,"1467985601253.000000000000000","1467986663157.000000000000000","34",path34
2016-07-08 14:07:18.000000,"1467986846221.000000000000000","1467986990170.000000000000000","35",path35
2016-07-15 16:26:52.000000,"1468600014353.000000000000000","1468600060348.000000000000000","36",path36
2016-07-19 16:44:25.000000,"1468946668066.000000000000000","1468946714257.000000000000000","37",path37
2016-07-20 11:00:28.000000,"1469012429319.000000000000000","1469013692132.000000000000000","38",path38
2016-07-29 08:48:19.000000,"1469782100054.000000000000000","1469782204791.000000000000000","39",path39
2016-08-09 06:42:03.000000,"1470724924249.000000000000000","1470725382251.000000000000000","40",path40
2016-09-15 10:43:21.000000,"1473936202684.000000000000000","1473936306716.000000000000000","41",path41
2016-09-16 06:21:47.000000,"1474006909862.000000000000000","1474007039862.000000000000000","42",path42
2016-09-16 06:25:41.000000,"1474007143866.000000000000000","1474016999907.000000000000000","43",path43
2016-09-23 16:03:22.000000,"1474646603847.000000000000000","1474647008300.000000000000000","44",path44
2016-09-23 16:11:08.000000,"1474647069292.000000000000000","1474647223304.000000000000000","45",path45
2016-09-27 16:00:37.000000,"1474992038352.000000000000000","1474992762616.000000000000000","46",path46
2016-09-28 07:07:36.000000,"1475046456950.000000000000000","1475047038204.000000000000000","47",path47
2016-10-01 13:46:14.000000,"1475329579101.000000000000000","1475329919505.000000000000000","48",path48
2016-10-01 14:13:29.000000,"1475331297956.000000000000000","1475331360973.000000000000000","49",path49
2016-10-01 14:49:09.000000,"1475333349407.000000000000000","1475333614421.000000000000000","50",path50
2016-10-01 14:56:05.000000,"1475333766501.000000000000000","1475333862420.000000000000000","51",path51
2016-10-01 14:57:43.000000,"1475334177473.000000000000000","1475335493440.000000000000000","52",path52
2016-10-18 06:13:27.000000,"1476771209120.000000000000000","1476771465371.000000000000000","53",path53
2016-10-18 06:20:48.000000,"1476771649351.000000000000000","1476771785438.000000000000000","54",path54
2016-11-15 11:29:08.000000,"1479209354890.000000000000000","1479209725705.000000000000000","55",path55
2016-11-15 11:29:42.000000,"1479209472689.000000000000000","1479209538685.000000000000000","56",path56
2016-11-15 12:00:11.000000,"1479211211857.000000000000000","1479211393870.000000000000000","57",path57
2016-11-16 17:07:11.000000,"1479316031703.000000000000000","1479316341939.000000000000000","58",path58
2016-11-17 08:51:13.000000,"1479372674396.000000000000000","1479373222887.000000000000000","59",path59
2016-11-18 12:22:24.000000,"1479471747154.000000000000000","1479472090493.000000000000000","60",path60
2016-11-22 12:07:17.000000,"1479816441772.000000000000000","1479816817901.000000000000000","61",path61
2016-11-22 12:07:48.000000,"1479816469331.000000000000000","1479816633310.000000000000000","62",path62
2016-11-22 12:10:50.000000,"1479816651320.000000000000000","1479816807321.000000000000000","63",path63
2016-11-27 14:29:59.000000,"1480256999074.000000000000000","1480257000077.000000000000000","64",path64
2016-12-08 17:50:11.000000,"1481219411499.000000000000000","1481219468499.000000000000000","65",path65
2016-12-26 20:17:34.000000,"1482783454124.000000000000000","1482784529958.000000000000000","66",path66
2017-01-27 07:45:05.000000,"1485503105813.000000000000000","1485503321401.000000000000000","67",path67
2017-01-30 18:48:00.000000,"1485802081367.000000000000000","1485802413581.000000000000000","68",path68
2017-02-16 08:43:08.000000,"1487234590074.000000000000000","1487235070564.000000000000000","69",path69
2017-02-16 09:07:43.000000,"1487236069688.000000000000000","1487236098688.000000000000000","70",path70
2017-03-09 15:05:49.000000,"1489071949995.000000000000000","1489072008998.000000000000000","71",path71
2017-03-09 16:35:40.000000,"1489077515620.000000000000000","1489078364839.000000000000000","72",path72
2017-03-09 17:28:33.000000,"1489080681448.000000000000000","1489082631723.000000000000000","73",path73
2017-03-09 18:47:20.000000,"1489085408695.000000000000000","1489087242667.000000000000000","74",path74
2017-03-14 14:20:26.000000,"1489501226404.000000000000000","1489501228391.000000000000000","75",path75
2017-03-16 09:27:30.000000,"1489656442437.000000000000000","1489656830248.000000000000000","76",path76
2017-03-20 07:55:56.000000,"1489996556137.000000000000000","1489996605147.000000000000000","77",path77
2017-03-27 07:58:58.000000,"1490601540454.000000000000000","1490601551492.000000000000000","78",path78
2017-03-27 12:08:51.000000,"1490616533452.000000000000000","1490617144492.000000000000000","79",path79
2017-03-27 12:09:21.000000,"1490616561451.000000000000000","1490616562513.000000000000000","80",path80
2017-03-27 12:09:29.000000,"1490616569455.000000000000000","1490616598455.000000000000000","81",path81
2017-03-27 12:10:23.000000,"1490616623520.000000000000000","1490616756465.000000000000000","82",path82
2017-03-27 12:12:55.000000,"1490616775529.000000000000000","1490617138456.000000000000000","83",path83
2017-03-27 12:19:21.000000,"1490617161447.000000000000000","1490617186456.000000000000000","84",path84
2017-03-27 12:19:23.000000,"1490617164510.000000000000000","1490617189514.000000000000000","85",path85
2017-03-27 12:19:56.000000,"1490617196509.000000000000000","1490618233115.000000000000000","86",path86
2017-03-27 12:19:58.000000,"1490617199539.000000000000000","1490617957514.000000000000000","87",path87
2017-03-27 12:34:37.000000,"1490618078527.000000000000000","1490619641518.000000000000000","88",path88
2017-03-27 12:37:48.000000,"1490618269113.000000000000000","1490618321112.000000000000000","89",path89
2017-03-27 12:38:52.000000,"1490618333113.000000000000000","1490618793110.000000000000000","90",path90
2017-03-27 12:46:43.000000,"1490618804107.000000000000000","1490618952425.000000000000000","91",path91
2017-03-27 12:49:21.000000,"1490618961429.000000000000000","1490619186263.000000000000000","92",path92
2017-03-27 12:54:24.000000,"1490619265263.000000000000000","1490619404262.000000000000000","93",path93
2017-03-27 12:57:01.000000,"1490619422270.000000000000000","1490619660261.000000000000000","94",path94
2017-03-27 13:03:09.000000,"1490619790267.000000000000000","1490620699053.000000000000000","95",path95
2017-03-27 13:03:35.000000,"1490619816538.000000000000000","1490620666533.000000000000000","96",path96
2017-03-27 13:18:17.000000,"1490620698526.000000000000000","1490622628519.000000000000000","97",path97
2017-03-27 13:18:46.000000,"1490620727061.000000000000000","1490622624148.000000000000000","98",path98
2017-03-27 13:59:52.000000,"1490623193218.000000000000000","1490624623354.000000000000000","99",path99
2017-03-27 14:00:05.000000,"1490623206524.000000000000000","1490625961534.000000000000000","100",path100
2017-03-27 14:26:30.000000,"1490624790917.000000000000000","1490626421271.000000000000000","101",path101
2017-03-27 14:46:33.000000,"1490625994530.000000000000000","1490627132535.000000000000000","102",path102
2017-03-27 14:53:54.000000,"1490626435272.000000000000000","1490627118270.000000000000000","103",path103
2017-03-27 15:05:32.000000,"1490627133267.000000000000000","1490628173873.000000000000000","104",path104
2017-03-27 15:05:47.000000,"1490627148541.000000000000000","1490628164699.000000000000000","105",path105
2017-03-27 16:19:19.000000,"1490631560290.000000000000000","1490631590280.000000000000000","106",path106
2017-03-27 16:21:40.000000,"1490631701270.000000000000000","1490631804273.000000000000000","107",path107
2017-03-27 16:30:42.000000,"1490632243320.000000000000000","1490632256272.000000000000000","108",path108
2017-03-28 08:57:52.000000,"1490691473673.000000000000000","1490691919810.000000000000000","109",path109
2017-03-28 08:58:57.000000,"1490691537512.000000000000000","1490691924615.000000000000000","110",path110
2017-03-28 09:05:51.000000,"1490691951636.000000000000000","1490692975268.000000000000000","111",path111
2017-03-28 09:21:17.000000,"1490692878644.000000000000000","1490692912689.000000000000000","112",path112
2017-03-28 09:22:02.000000,"1490692923693.000000000000000","1490692947657.000000000000000","113",path113
2017-03-28 09:23:09.000000,"1490692989271.000000000000000","1490693877629.000000000000000","114",path114
2017-03-28 09:23:31.000000,"1490693012676.000000000000000","1490693162671.000000000000000","115",path115
2017-03-28 09:26:24.000000,"1490693185692.000000000000000","1490693607679.000000000000000","116",path116
2017-03-28 09:33:37.000000,"1490693618689.000000000000000","1490693888864.000000000000000","117",path117
2017-03-28 09:49:46.000000,"1490694587666.000000000000000","1490694997677.000000000000000","118",path118
2017-03-28 09:49:56.000000,"1490694596261.000000000000000","1490696236288.000000000000000","119",path119
2017-03-28 09:56:53.000000,"1490695014688.000000000000000","1490696041709.000000000000000","120",path120
2017-03-28 10:14:40.000000,"1490696081700.000000000000000","1490696221838.000000000000000","121",path121
2017-03-28 10:17:39.000000,"1490696259290.000000000000000","1490696721560.000000000000000","122",path122
2017-03-28 10:17:40.000000,"1490696261653.000000000000000","1490696719682.000000000000000","123",path123
2017-03-28 10:25:30.000000,"1490696730561.000000000000000","1490697028830.000000000000000","124",path124
2017-03-28 10:25:35.000000,"1490696736683.000000000000000","1490697026676.000000000000000","125",path125
2017-03-28 10:30:41.000000,"1490697041832.000000000000000","1490697061829.000000000000000","126",path126
2017-03-28 10:31:14.000000,"1490697074841.000000000000000","1490697227832.000000000000000","127",path127
2017-03-28 10:31:19.000000,"1490697080686.000000000000000","1490697179663.000000000000000","128",path128
2017-03-28 10:33:59.000000,"1490697239838.000000000000000","1490698448264.000000000000000","129",path129
2017-03-28 10:34:26.000000,"1490697267668.000000000000000","1490698445681.000000000000000","130",path130
2017-03-28 10:54:23.000000,"1490698463252.000000000000000","1490698712596.000000000000000","131",path131
2017-03-28 10:54:51.000000,"1490698492653.000000000000000","1490698718850.000000000000000","132",path132
2017-03-28 11:06:44.000000,"1490699205695.000000000000000","1490699420666.000000000000000","133",path133
2017-03-28 11:06:54.000000,"1490699214379.000000000000000","1490699432261.000000000000000","134",path134
2017-03-28 11:31:08.000000,"1490700668407.000000000000000","1490701226365.000000000000000","135",path135
2017-03-28 11:31:27.000000,"1490700688662.000000000000000","1490701224674.000000000000000","136",path136
2017-03-28 13:31:39.000000,"1490707900695.000000000000000","1490708610695.000000000000000","137",path137
2017-03-28 13:32:05.000000,"1490707924935.000000000000000","1490708612258.000000000000000","138",path138
2017-03-28 13:43:42.000000,"1490708624684.000000000000000","1490708969685.000000000000000","139",path139
2017-03-28 13:43:43.000000,"1490708623251.000000000000000","1490709853578.000000000000000","140",path140
2017-03-28 13:51:19.000000,"1490709080715.000000000000000","1490709849707.000000000000000","141",path141
2017-03-28 14:04:25.000000,"1490709865576.000000000000000","1490709887575.000000000000000","142",path142
2017-03-28 14:04:27.000000,"1490709868714.000000000000000","1490709883695.000000000000000","143",path143
2017-03-28 14:05:22.000000,"1490709922578.000000000000000","1490711004486.000000000000000","144",path144
2017-03-28 14:05:23.000000,"1490709924719.000000000000000","1490710997684.000000000000000","145",path145
2017-03-28 14:23:29.000000,"1490711010709.000000000000000","1490712653882.000000000000000","146",path146
2017-03-28 14:25:44.000000,"1490711144263.000000000000000","1490711454543.000000000000000","147",path147
2017-03-28 14:31:16.000000,"1490711476537.000000000000000","1490712681263.000000000000000","148",path148
2017-03-28 14:51:41.000000,"1490712702684.000000000000000","1490713356737.000000000000000","149",path149
2017-03-28 14:51:42.000000,"1490712702265.000000000000000","1490713353257.000000000000000","150",path150
2017-03-28 15:03:03.000000,"1490713383258.000000000000000","1490713481397.000000000000000","151",path151
2017-03-28 15:03:07.000000,"1490713388714.000000000000000","1490713484707.000000000000000","152",path152
2017-03-28 15:04:51.000000,"1490713491392.000000000000000","1490713818252.000000000000000","153",path153
2017-03-28 15:04:56.000000,"1490713497709.000000000000000","1490713822727.000000000000000","154",path154
2017-03-28 15:21:14.000000,"1490714475673.000000000000000","1490715347675.000000000000000","155",path155
2017-03-28 15:22:00.000000,"1490714520778.000000000000000","1490716112692.000000000000000","156",path156
2017-03-28 15:36:25.000000,"1490715386699.000000000000000","1490715506886.000000000000000","157",path157
2017-03-28 15:40:03.000000,"1490715604685.000000000000000","1490716110864.000000000000000","158",path158
2017-03-29 12:09:37.000000,"1490789380119.000000000000000","1490789396854.000000000000000","159",path159
2017-03-29 12:09:45.000000,"1490789384191.000000000000000","1490789397189.000000000000000","160",path160
2017-03-29 12:10:11.000000,"1490789413809.000000000000000","1490789465984.000000000000000","161",path161
2017-03-29 12:11:19.000000,"1490789478260.000000000000000","1490789759190.000000000000000","162",path162
2017-03-29 12:11:27.000000,"1490789489843.000000000000000","1490789769810.000000000000000","163",path163
2017-03-29 12:16:33.000000,"1490789792184.000000000000000","1490790262195.000000000000000","164",path164
2017-03-29 12:17:06.000000,"1490789828826.000000000000000","1490789954833.000000000000000","165",path165
2017-03-29 12:19:29.000000,"1490789971817.000000000000000","1490790260791.000000000000000","166",path166
2017-03-29 12:24:33.000000,"1490790272196.000000000000000","1490791274024.000000000000000","167",path167
2017-03-29 12:26:36.000000,"1490790395188.000000000000000","1490791274208.000000000000000","168",path168
2017-03-29 12:41:36.000000,"1490791295185.000000000000000","1490791429205.000000000000000","169",path169
2017-03-29 12:43:27.000000,"1490791409832.000000000000000","1490791425836.000000000000000","170",path170
2017-03-29 12:44:07.000000,"1490791449833.000000000000000","1490791513839.000000000000000","171",path171
2017-03-29 12:44:08.000000,"1490791447188.000000000000000","1490791490179.000000000000000","172",path172
2017-03-29 12:45:02.000000,"1490791501185.000000000000000","1490791504186.000000000000000","173",path173
2017-03-29 12:45:36.000000,"1490791535183.000000000000000","1490791694232.000000000000000","174",path174
2017-03-29 12:48:33.000000,"1490791712191.000000000000000","1490792053203.000000000000000","175",path175
2017-03-29 12:48:42.000000,"1490791724828.000000000000000","1490791882833.000000000000000","176",path176
2017-03-29 12:51:49.000000,"1490791911831.000000000000000","1490792065019.000000000000000","177",path177
2017-03-29 12:54:28.000000,"1490792067183.000000000000000","1490792415183.000000000000000","178",path178
2017-03-29 12:54:33.000000,"1490792075830.000000000000000","1490792424828.000000000000000","179",path179
2017-03-29 13:00:28.000000,"1490792427194.000000000000000","1490792945211.000000000000000","180",path180
2017-03-29 13:00:35.000000,"1490792438551.000000000000000","1490792950837.000000000000000","181",path181
2017-03-29 13:09:18.000000,"1490792957190.000000000000000","1490793366228.000000000000000","182",path182
2017-03-29 13:09:19.000000,"1490792961838.000000000000000","1490793370005.000000000000000","183",path183
2017-03-29 13:16:24.000000,"1490793383191.000000000000000","1490793607204.000000000000000","184",path184
2017-03-29 13:16:25.000000,"1490793387851.000000000000000","1490793609986.000000000000000","185",path185
2017-03-29 13:20:23.000000,"1490793625851.000000000000000","1490794043002.000000000000000","186",path186
2017-03-29 13:20:24.000000,"1490793623196.000000000000000","1490794609185.000000000000000","187",path187
2017-03-29 13:27:41.000000,"1490794063846.000000000000000","1490794525986.000000000000000","188",path188
2017-03-29 13:36:09.000000,"1490794571856.000000000000000","1490794615846.000000000000000","189",path189
2017-03-29 13:45:01.000000,"1490795103827.000000000000000","1490795123858.000000000000000","190",path190
2017-03-29 13:45:08.000000,"1490795107193.000000000000000","1490795431188.000000000000000","191",path191
2017-03-29 13:45:34.000000,"1490795136838.000000000000000","1490795439854.000000000000000","192",path192
2017-03-29 13:50:49.000000,"1490795451847.000000000000000","1490795793844.000000000000000","193",path193
2017-03-29 13:50:50.000000,"1490795449187.000000000000000","1490796185194.000000000000000","194",path194
2017-03-29 13:59:22.000000,"1490795964824.000000000000000","1490796189841.000000000000000","195",path195
2017-03-29 14:03:28.000000,"1490796208253.000000000000000","1490796773179.000000000000000","196",path196
2017-03-29 14:05:32.000000,"1490796334794.000000000000000","1490796771824.000000000000000","197",path197
2017-03-29 14:13:11.000000,"1490796790197.000000000000000","1490797110185.000000000000000","198",path198
2017-03-29 14:13:13.000000,"1490796795845.000000000000000","1490796903991.000000000000000","199",path199
2017-03-29 14:16:19.000000,"1490796981838.000000000000000","1490797105828.000000000000000","200",path200
2017-03-29 14:18:44.000000,"1490797126831.000000000000000","1490797575815.000000000000000","201",path201
2017-03-29 14:18:48.000000,"1490797127190.000000000000000","1490800175198.000000000000000","202",path202
2017-03-29 14:30:37.000000,"1490797839838.000000000000000","1490800124999.000000000000000","203",path203
2017-03-29 15:11:48.000000,"1490800307169.000000000000000","1490800948183.000000000000000","204",path204
2017-03-29 15:12:03.000000,"1490800325795.000000000000000","1490801225831.000000000000000","205",path205
2017-03-29 15:22:53.000000,"1490800972166.000000000000000","1490801222176.000000000000000","206",path206
2017-03-29 15:27:13.000000,"1490801235848.000000000000000","1490801560346.000000000000000","207",path207
2017-03-29 15:27:14.000000,"1490801233169.000000000000000","1490801566165.000000000000000","208",path208
2017-03-29 15:33:05.000000,"1490801584174.000000000000000","1490801778166.000000000000000","209",path209
2017-03-29 15:33:18.000000,"1490801600841.000000000000000","1490801775003.000000000000000","210",path210
2017-03-30 09:33:01.000000,"1490866383889.000000000000000","1490870178819.000000000000000","211",path211
2017-03-30 09:33:29.000000,"1490866407901.000000000000000","1490866555897.000000000000000","212",path212
2017-03-30 09:36:13.000000,"1490866571898.000000000000000","1490866656906.000000000000000","213",path213
2017-03-30 09:37:57.000000,"1490866675899.000000000000000","1490866728904.000000000000000","214",path214
2017-03-30 09:39:52.000000,"1490866790901.000000000000000","1490867026898.000000000000000","215",path215
2017-03-30 09:44:05.000000,"1490867043905.000000000000000","1490867141902.000000000000000","216",path216
2017-03-30 09:45:59.000000,"1490867157898.000000000000000","1490867203896.000000000000000","217",path217
2017-03-30 09:46:59.000000,"1490867217918.000000000000000","1490868103902.000000000000000","218",path218
2017-03-30 10:01:56.000000,"1490868115582.000000000000000","1490868165905.000000000000000","219",path219
2017-03-30 10:02:58.000000,"1490868176902.000000000000000","1490868227905.000000000000000","220",path220
2017-03-30 10:03:58.000000,"1490868236905.000000000000000","1490868652902.000000000000000","221",path221
2017-03-30 10:11:10.000000,"1490868668911.000000000000000","1490869934901.000000000000000","222",path222
2017-03-30 10:32:29.000000,"1490869947910.000000000000000","1490870053899.000000000000000","223",path223
2017-03-30 10:35:17.000000,"1490870115887.000000000000000","1490870167895.000000000000000","224",path224
2017-03-30 10:37:07.000000,"1490870225891.000000000000000","1490870723896.000000000000000","225",path225
2017-03-30 10:41:58.000000,"1490870520842.000000000000000","1490871239853.000000000000000","226",path226
2017-03-30 10:45:35.000000,"1490870733893.000000000000000","1490871283896.000000000000000","227",path227
2017-03-30 11:30:56.000000,"1490873458826.000000000000000","1490873460852.000000000000000","228",path228
2017-03-30 11:57:10.000000,"1490875032847.000000000000000","1490875188999.000000000000000","229",path229
2017-03-30 12:04:37.000000,"1490875479850.000000000000000","1490879498812.000000000000000","230",path230
2017-03-30 13:19:10.000000,"1490879952836.000000000000000","1490880071841.000000000000000","231",path231
2017-03-30 13:21:45.000000,"1490880107818.000000000000000","1490883634851.000000000000000","232",path232
2017-03-30 14:05:38.000000,"1490882736341.000000000000000","1490885422332.000000000000000","233",path233
2017-03-30 14:20:48.000000,"1490883650833.000000000000000","1490884160864.000000000000000","234",path234
2017-03-30 14:43:07.000000,"1490884989846.000000000000000","1490889003841.000000000000000","235",path235
2017-03-30 14:50:43.000000,"1490885441342.000000000000000","1490885851335.000000000000000","236",path236
2017-03-30 14:59:48.000000,"1490885986340.000000000000000","1490888786351.000000000000000","237",path237
2017-03-31 12:07:28.000000,"1490962050773.000000000000000","1490962225914.000000000000000","238",path238
2017-03-31 12:18:55.000000,"1490962737749.000000000000000","1490963559765.000000000000000","239",path239
2017-03-31 12:19:09.000000,"1490962752833.000000000000000","1490965514058.000000000000000","240",path240
2017-03-31 12:19:35.000000,"1490962775991.000000000000000","1490965515462.000000000000000","241",path241
2017-03-31 12:46:03.000000,"1490964365765.000000000000000","1490964372756.000000000000000","242",path242
2017-03-31 12:46:34.000000,"1490964396762.000000000000000","1490965502778.000000000000000","243",path243
2017-03-31 13:05:43.000000,"1490965544379.000000000000000","1490968712576.000000000000000","244",path244
2017-03-31 13:05:50.000000,"1490965552746.000000000000000","1490968665916.000000000000000","245",path245
2017-03-31 13:06:11.000000,"1490965574844.000000000000000","1490968187877.000000000000000","246",path246
2017-03-31 13:49:54.000000,"1490968197878.000000000000000","1490968225879.000000000000000","247",path247
2017-03-31 13:51:56.000000,"1490968319882.000000000000000","1490968375880.000000000000000","248",path248
2017-03-31 13:53:26.000000,"1490968409886.000000000000000","1490968722876.000000000000000","249",path249
2017-03-31 13:58:47.000000,"1490968728566.000000000000000","1490969513609.000000000000000","250",path250
2017-03-31 13:58:51.000000,"1490968734854.000000000000000","1490969521890.000000000000000","251",path251
2017-03-31 13:59:06.000000,"1490968748775.000000000000000","1490970158767.000000000000000","252",path252
2017-03-31 14:12:10.000000,"1490969533884.000000000000000","1490969603038.000000000000000","253",path253
2017-03-31 14:12:11.000000,"1490969532605.000000000000000","1490969608368.000000000000000","254",path254
2017-03-31 14:14:50.000000,"1490969695123.000000000000000","1490970145058.000000000000000","255",path255
2017-03-31 14:34:14.000000,"1490970857870.000000000000000","1490973806881.000000000000000","256",path256
2017-03-31 14:34:30.000000,"1490970871293.000000000000000","1490975455421.000000000000000","257",path257
2017-03-31 14:35:30.000000,"1490970932746.000000000000000","1490975497786.000000000000000","258",path258
2017-04-03 12:05:34.000000,"1491221139041.000000000000000","1491221157074.000000000000000","259",path259
2017-04-03 12:12:50.000000,"1491221575050.000000000000000","1491227172230.000000000000000","260",path260
2017-04-03 12:13:22.000000,"1491221602727.000000000000000","1491222364915.000000000000000","261",path261
2017-04-03 12:13:37.000000,"1491221622344.000000000000000","1491222357333.000000000000000","262",path262
2017-04-03 12:26:21.000000,"1491222386327.000000000000000","1491231491480.000000000000000","263",path263
2017-04-03 12:26:29.000000,"1491222389943.000000000000000","1491222903431.000000000000000","264",path264
2017-04-03 12:37:27.000000,"1491223047879.000000000000000","1491223078885.000000000000000","265",path265
2017-04-03 12:38:21.000000,"1491223101875.000000000000000","1491227169739.000000000000000","266",path266
2017-04-03 13:47:06.000000,"1491227227008.000000000000000","1491228287004.000000000000000","267",path267
2017-04-03 13:47:09.000000,"1491227234071.000000000000000","1491228292217.000000000000000","268",path268
2017-04-03 14:06:18.000000,"1491228378938.000000000000000","1491228383933.000000000000000","269",path269
2017-04-03 14:06:21.000000,"1491228386056.000000000000000","1491229334062.000000000000000","270",path270
2017-04-03 14:06:43.000000,"1491228403935.000000000000000","1491229340796.000000000000000","271",path271
2017-04-03 14:35:15.000000,"1491230120065.000000000000000","1491230669077.000000000000000","272",path272
2017-04-03 14:35:59.000000,"1491230159656.000000000000000","1491230662028.000000000000000","273",path273
2017-04-03 14:44:53.000000,"1491230864078.000000000000000","1491231154099.000000000000000","274",path274
2017-04-03 14:47:49.000000,"1491230869663.000000000000000","1491231144741.000000000000000","275",path275
2017-04-03 14:58:42.000000,"1491231527082.000000000000000","1491231917082.000000000000000","276",path276
2017-04-03 14:59:33.000000,"1491231573677.000000000000000","1491231913104.000000000000000","277",path277
2017-04-03 14:59:36.000000,"1491231581339.000000000000000","1491233573479.000000000000000","278",path278
2017-04-03 15:06:02.000000,"1491231967062.000000000000000","1491234468225.000000000000000","279",path279
2017-04-03 15:06:07.000000,"1491231967967.000000000000000","1491234461742.000000000000000","280",path280
2017-04-03 15:41:27.000000,"1491234092355.000000000000000","1491234475537.000000000000000","281",path281
2017-04-04 09:28:41.000000,"1491298121226.000000000000000","1491298143227.000000000000000","282",path282
2017-04-04 09:53:37.000000,"1491299617622.000000000000000","1491299640634.000000000000000","283",path283
2017-04-04 11:34:16.000000,"1491305661583.000000000000000","1491305677575.000000000000000","284",path284
2017-04-04 11:36:20.000000,"1491305785590.000000000000000","1491308752563.000000000000000","285",path285
2017-04-04 11:39:24.000000,"1491305965803.000000000000000","1491312612003.000000000000000","286",path286
2017-04-04 11:39:35.000000,"1491305975048.000000000000000","1491310116825.000000000000000","287",path287
2017-04-04 12:30:25.000000,"1491309030576.000000000000000","1491311756731.000000000000000","288",path288
2017-04-04 12:49:06.000000,"1491310146818.000000000000000","1491312616736.000000000000000","289",path289
2017-04-04 13:16:14.000000,"1491311779543.000000000000000","1491321085572.000000000000000","290",path290
2017-04-04 13:35:11.000000,"1491312912980.000000000000000","1491314761963.000000000000000","291",path291
2017-04-04 13:35:32.000000,"1491312932701.000000000000000","1491314767775.000000000000000","292",path292
2017-04-04 14:07:02.000000,"1491314823810.000000000000000","1491316274798.000000000000000","293",path293
2017-04-04 14:07:04.000000,"1491314824214.000000000000000","1491316259728.000000000000000","294",path294
2017-04-04 14:31:26.000000,"1491316503817.000000000000000","1491316728809.000000000000000","295",path295
2017-04-04 14:35:11.000000,"1491316511300.000000000000000","1491316751659.000000000000000","296",path296
2017-04-04 14:40:54.000000,"1491316855792.000000000000000","1491316921974.000000000000000","297",path297
2017-04-04 14:40:57.000000,"1491316857668.000000000000000","1491316922333.000000000000000","298",path298
2017-04-04 14:43:24.000000,"1491317005806.000000000000000","1491317586817.000000000000000","299",path299
2017-04-04 14:43:30.000000,"1491317010656.000000000000000","1491317580740.000000000000000","300",path300
2017-04-04 14:54:52.000000,"1491317693793.000000000000000","1491318859826.000000000000000","301",path301
2017-04-04 14:54:54.000000,"1491317694662.000000000000000","1491319158740.000000000000000","302",path302
2017-04-05 12:05:49.000000,"1491393948945.000000000000000","1491395185083.000000000000000","303",path303
2017-04-05 12:06:26.000000,"1491393987841.000000000000000","1491395183018.000000000000000","304",path304
2017-04-05 12:21:12.000000,"1491394873704.000000000000000","1491395183868.000000000000000","305",path305
2017-04-05 12:32:25.000000,"1491395546698.000000000000000","1491407336887.000000000000000","306",path306
2017-04-05 12:32:34.000000,"1491395555848.000000000000000","1491396729999.000000000000000","307",path307
2017-04-05 12:32:41.000000,"1491395560889.000000000000000","1491396729385.000000000000000","308",path308
2017-04-05 12:56:21.000000,"1491396982822.000000000000000","1491403442872.000000000000000","309",path309
2017-04-05 12:56:27.000000,"1491396986654.000000000000000","1491403435919.000000000000000","310",path310
2017-04-05 14:51:58.000000,"1491403917856.000000000000000","1491403962672.000000000000000","311",path311
2017-04-05 14:52:02.000000,"1491403923848.000000000000000","1491403965005.000000000000000","312",path312
2017-04-05 14:55:37.000000,"1491404138862.000000000000000","1491404228838.000000000000000","313",path313
2017-04-05 14:55:38.000000,"1491404138099.000000000000000","1491404224446.000000000000000","314",path314
2017-04-05 14:57:35.000000,"1491404255010.000000000000000","1491404329858.000000000000000","315",path315
2017-04-05 15:00:36.000000,"1491404436153.000000000000000","1491404790658.000000000000000","316",path316
2017-04-05 15:00:37.000000,"1491404438833.000000000000000","1491404775038.000000000000000","317",path317
2017-04-05 15:10:09.000000,"1491405010881.000000000000000","1491407100019.000000000000000","318",path318
2017-04-05 15:10:10.000000,"1491405009662.000000000000000","1491407107741.000000000000000","319",path319
2017-04-06 06:59:06.000000,"1491461947804.000000000000000","1491462291989.000000000000000","320",path320
2017-04-06 06:59:10.000000,"1491461949483.000000000000000","1491462289577.000000000000000","321",path321
2017-04-06 07:17:49.000000,"1491463070807.000000000000000","1491472255985.000000000000000","322",path322
2017-04-06 07:18:04.000000,"1491463083650.000000000000000","1491472257737.000000000000000","323",path323
2017-04-06 10:00:31.000000,"1491472832814.000000000000000","1491475441958.000000000000000","324",path324
2017-04-06 10:01:55.000000,"1491472914030.000000000000000","1491475432847.000000000000000","325",path325
2017-04-06 11:07:34.000000,"1491476853659.000000000000000","1491477816650.000000000000000","326",path326
2017-04-06 11:08:23.000000,"1491476904826.000000000000000","1491477817827.000000000000000","327",path327
2017-04-06 11:34:22.000000,"1491478463831.000000000000000","1491479890811.000000000000000","328",path328
2017-04-06 11:34:23.000000,"1491478462654.000000000000000","1491479888738.000000000000000","329",path329
2017-04-10 13:20:48.000000,"1491830448197.000000000000000","1491830544187.000000000000000","330",path330
2017-04-11 09:23:29.000000,"1491902609734.000000000000000","1491902629721.000000000000000","331",path331
2017-04-11 14:54:42.000000,"1491922482229.000000000000000","1491922500231.000000000000000","332",path332
2017-06-12 06:46:33.000000,"1497249995306.000000000000000","1497251988299.000000000000000","333",path333
2017-06-12 06:46:34.000000,"1497249998462.000000000000000","1497251994443.000000000000000","334",path334
2017-06-12 06:46:39.000000,"1497249996726.000000000000000","1497251441763.000000000000000","335",path335
2017-06-12 07:11:35.000000,"1497251492760.000000000000000","1497251989868.000000000000000","336",path336
2017-06-12 07:22:16.000000,"1497252140480.000000000000000","1497253503454.000000000000000","337",path337
2017-06-12 07:22:21.000000,"1497252143298.000000000000000","1497253502514.000000000000000","338",path338
2017-06-12 07:22:31.000000,"1497252148383.000000000000000","1497253475577.000000000000000","339",path339
2017-06-12 08:16:32.000000,"1497255397454.000000000000000","1497256829645.000000000000000","340",path340
2017-06-12 08:16:44.000000,"1497255406303.000000000000000","1497256848441.000000000000000","341",path341
2017-06-12 08:16:58.000000,"1497255415780.000000000000000","1497256821212.000000000000000","342",path342
2017-06-12 09:12:46.000000,"1497258770487.000000000000000","1497261588607.000000000000000","343",path343
2017-06-12 09:16:43.000000,"1497259005301.000000000000000","1497262849473.000000000000000","344",path344
2017-06-12 09:16:48.000000,"1497259004758.000000000000000","1497262406073.000000000000000","345",path345
2017-06-12 09:59:56.000000,"1497261600475.000000000000000","1497262784479.000000000000000","346",path346
2017-06-12 10:13:46.000000,"1497262423133.000000000000000","1497262799840.000000000000000","347",path347
2017-06-12 11:39:25.000000,"1497267569503.000000000000000","1497277352524.000000000000000","348",path348
2017-06-12 11:40:01.000000,"1497267603305.000000000000000","1497273387440.000000000000000","349",path349
2017-06-12 11:41:32.000000,"1497267688956.000000000000000","1497276709754.000000000000000","350",path350
2017-06-12 13:17:43.000000,"1497273465296.000000000000000","1497273541268.000000000000000","351",path351
2017-06-13 06:48:42.000000,"1497336525249.000000000000000","1497336743401.000000000000000","352",path352
2017-06-13 06:50:12.000000,"1497336613824.000000000000000","1497336744997.000000000000000","353",path353
2017-06-13 06:52:46.000000,"1497336769227.000000000000000","1497340922387.000000000000000","354",path354
2017-06-13 06:52:47.000000,"1497336768823.000000000000000","1497338088991.000000000000000","355",path355
2017-06-13 06:52:50.000000,"1497336771257.000000000000000","1497339151723.000000000000000","356",path356
2017-06-13 07:15:41.000000,"1497338142839.000000000000000","1497340131841.000000000000000","357",path357
2017-06-13 07:32:52.000000,"1497339172724.000000000000000","1497340325801.000000000000000","358",path358
2017-06-13 07:48:58.000000,"1497340139827.000000000000000","1497340342821.000000000000000","359",path359
2017-06-13 07:52:35.000000,"1497340355804.000000000000000","1497340463974.000000000000000","360",path360
2017-06-13 07:52:45.000000,"1497340366828.000000000000000","1497340454978.000000000000000","361",path361
2017-06-13 07:54:40.000000,"1497340480903.000000000000000","1497341003869.000000000000000","362",path362
2017-06-13 07:54:44.000000,"1497340485850.000000000000000","1497341003020.000000000000000","363",path363
2017-06-13 08:03:40.000000,"1497341023231.000000000000000","1497343515457.000000000000000","364",path364
2017-06-13 08:03:48.000000,"1497341030567.000000000000000","1497341664010.000000000000000","365",path365
2017-06-13 08:04:15.000000,"1497341055713.000000000000000","1497343475877.000000000000000","366",path366
2017-06-13 08:15:50.000000,"1497341751894.000000000000000","1497342667027.000000000000000","367",path367
2017-06-13 08:31:27.000000,"1497342688846.000000000000000","1497343509868.000000000000000","368",path368
2017-06-13 09:31:07.000000,"1497346268880.000000000000000","1497349571006.000000000000000","369",path369
2017-06-13 09:31:11.000000,"1497346274228.000000000000000","1497349580390.000000000000000","370",path370
2017-06-13 09:32:49.000000,"1497346369878.000000000000000","1497349586023.000000000000000","371",path371
2017-06-13 11:31:49.000000,"1497353512218.000000000000000","1497357847220.000000000000000","372",path372
2017-06-13 11:32:02.000000,"1497353522842.000000000000000","1497354963957.000000000000000","373",path373
2017-06-13 11:56:12.000000,"1497354972688.000000000000000","1497359251953.000000000000000","374",path374
2017-06-13 13:14:51.000000,"1497359692884.000000000000000","1497362827017.000000000000000","375",path375
2017-06-13 13:14:57.000000,"1497359697575.000000000000000","1497362835880.000000000000000","376",path376
2017-06-14 06:33:05.000000,"1497421986690.000000000000000","1497422886239.000000000000000","377",path377
2017-06-14 06:37:26.000000,"1497422247969.000000000000000","1497422656081.000000000000000","378",path378
2017-06-14 07:05:17.000000,"1497423918216.000000000000000","1497433393390.000000000000000","379",path379
2017-06-14 07:06:08.000000,"1497423967866.000000000000000","1497433358960.000000000000000","380",path380
2017-06-14 08:50:03.000000,"1497430204962.000000000000000","1497431256937.000000000000000","381",path381
2017-06-14 09:08:09.000000,"1497431290940.000000000000000","1497433346126.000000000000000","382",path382
2017-06-14 09:54:37.000000,"1497434078968.000000000000000","1497435670974.000000000000000","383",path383
2017-06-14 10:56:19.000000,"1497437780229.000000000000000","1497437830412.000000000000000","384",path384
2017-06-14 10:56:26.000000,"1497437786199.000000000000000","1497437838188.000000000000000","385",path385
2017-06-14 10:56:31.000000,"1497437792962.000000000000000","1497437833126.000000000000000","386",path386
2017-06-14 11:06:47.000000,"1497438408947.000000000000000","1497443559068.000000000000000","387",path387
2017-06-14 11:17:51.000000,"1497439072240.000000000000000","1497441615382.000000000000000","388",path388
2017-06-14 11:18:12.000000,"1497439092185.000000000000000","1497440035865.000000000000000","389",path389
2017-06-14 11:34:15.000000,"1497440054870.000000000000000","1497441111865.000000000000000","390",path390
2017-06-14 11:52:15.000000,"1497441134866.000000000000000","1497441616289.000000000000000","391",path391
2017-06-14 12:03:04.000000,"1497441785232.000000000000000","1497443187226.000000000000000","392",path392
2017-06-14 12:03:14.000000,"1497441794217.000000000000000","1497443512864.000000000000000","393",path393
2017-06-14 12:28:25.000000,"1496759465894.000000000000000","1496759670081.000000000000000","394",path394
2017-06-14 12:32:12.000000,"1496759693082.000000000000000","1496759703089.000000000000000","395",path395
2017-06-14 12:32:13.000000,"1497443532858.000000000000000","1497443568124.000000000000000","396",path396
2017-06-14 12:33:07.000000,"1497443587085.000000000000000","1497443596086.000000000000000","397",path397
2017-06-14 12:36:03.000000,"1497443764975.000000000000000","1497444850950.000000000000000","398",path398
2017-06-14 12:36:11.000000,"1496759932088.000000000000000","1496762389124.000000000000000","399",path399
2017-06-14 12:36:13.000000,"1497443773102.000000000000000","1497446230929.000000000000000","400",path400
2017-06-14 12:54:28.000000,"1497444869975.000000000000000","1497445014958.000000000000000","401",path401
2017-06-14 12:58:48.000000,"1497445129966.000000000000000","1497468861432.000000000000000","402",path402
2017-06-15 07:09:04.000000,"1497510545176.000000000000000","1497510601177.000000000000000","403",path403
2017-06-21 06:59:31.000000,"1498028616662.000000000000000","1498029836542.000000000000000","404",path404
2017-06-21 09:09:32.000000,"1498036417521.000000000000000","1498037687505.000000000000000","405",path405
2017-06-21 09:37:55.000000,"1498038120517.000000000000000","1498039107505.000000000000000","406",path406
2017-07-03 11:18:55.000000,"1499080735814.000000000000000","1499080812086.000000000000000","407",path407
2017-07-06 08:26:09.000000,"1499329571412.000000000000000","1499329667421.000000000000000","408",path408
2017-07-06 09:39:27.000000,"1499333968822.000000000000000","1499334351813.000000000000000","409",path409
2017-07-07 19:11:25.000000,"1499454686667.000000000000000","1499457018086.000000000000000","410",path410
2017-09-28 07:32:22.000000,"1506587549039.000000000000000","1506589276025.000000000000000","411",path411
2017-09-28 08:20:06.000000,"1506590412034.000000000000000","1506592101015.000000000000000","412",path412
2017-09-28 08:31:51.000000,"1506587512087.000000000000000","1506589177050.000000000000000","413",path413
2017-09-28 08:32:35.000000,"1506587556160.000000000000000","1506590874142.000000000000000","414",path414
2017-09-28 08:32:54.000000,"1506587851441.000000000000000","1506589596388.000000000000000","415",path415
2017-09-28 08:33:41.000000,"1506587621211.000000000000000","1506591940961.000000000000000","416",path416
2017-09-28 08:33:53.000000,"1506587633977.000000000000000","1506589405022.000000000000000","417",path417
2017-09-28 08:58:34.000000,"1506589115112.000000000000000","1506589861096.000000000000000","418",path418
2017-09-28 09:00:02.000000,"1506589122647.000000000000000","1506590309642.000000000000000","419",path419
2017-09-28 09:00:04.000000,"1506589205065.000000000000000","1506589737068.000000000000000","420",path420
2017-09-28 09:09:13.000000,"1506589754067.000000000000000","1506590353080.000000000000000","421",path421
2017-09-28 09:12:19.000000,"1506590216365.000000000000000","1506592375367.000000000000000","422",path422
2017-09-28 09:16:36.000000,"1506590200855.000000000000000","1506590885855.000000000000000","423",path423
2017-09-28 09:19:34.000000,"1506590374710.000000000000000","1506592233678.000000000000000","424",path424
2017-09-28 09:20:07.000000,"1506590327649.000000000000000","1506590674632.000000000000000","425",path425
2017-09-28 09:21:21.000000,"1506590482064.000000000000000","1506590828080.000000000000000","426",path426
2017-09-28 09:26:47.000000,"1506590727637.000000000000000","1506590743633.000000000000000","427",path427
2017-09-28 09:28:19.000000,"1506590819647.000000000000000","1506591067087.000000000000000","428",path428
2017-09-28 09:31:08.000000,"1506591102070.000000000000000","1506592276852.000000000000000","429",path429
2017-09-28 09:32:17.000000,"1506591138098.000000000000000","1506591323065.000000000000000","430",path430
2017-09-28 09:32:18.000000,"1506591058638.000000000000000","1506591251631.000000000000000","431",path431
2017-09-28 09:35:44.000000,"1506591345056.000000000000000","1506592420070.000000000000000","432",path432
2017-09-28 10:38:45.000000,"1506595158026.000000000000000","1506596061827.000000000000000","433",path433
2017-09-28 10:39:02.000000,"1506595419378.000000000000000","1506595561348.000000000000000","434",path434
2017-09-28 10:43:10.000000,"1506595667351.000000000000000","1506595725558.000000000000000","435",path435
2017-09-28 10:44:16.000000,"1506595733339.000000000000000","1506596064554.000000000000000","436",path436
2018-06-27 19:44:56.000000,"1530128758455.000000000000000","1530128760431.000000000000000","437",path437
